seed,model,epoch,train_mse,valid_rmse,valid_circular_rmse_deg,selection_metric,is_best
12345,resnet_cnn,1,0.1264598712397608,0.27507331973623644,42.84746922224486,0.27507331973623644,1
12345,resnet_cnn,2,0.06928870031143337,0.27125400528592625,41.31187315457358,0.27125400528592625,1
12345,resnet_cnn,3,0.06695571933349553,0.26895335770214346,39.6876658451549,0.26895335770214346,1
12345,resnet_cnn,4,0.06564083702662855,0.26579384055060873,39.55966044320683,0.26579384055060873,1
12345,resnet_cnn,5,0.06408013320027187,0.26306101580926056,39.135409844775744,0.26306101580926056,1
12345,resnet_cnn,6,0.06294705766794745,0.25998815003737114,38.395906152430946,0.25998815003737114,1
12345,resnet_cnn,7,0.061750694601785235,0.25631920066210295,38.740149078050784,0.25631920066210295,1
12345,resnet_cnn,8,0.060930073660075516,0.2542185155450738,38.2552428754223,0.2542185155450738,1
12345,resnet_cnn,9,0.059368232305902637,0.25119586601368005,38.184814778408516,0.25119586601368005,1
12345,resnet_cnn,10,0.0576744277728155,0.24982267461722,36.84636216581722,0.24982267461722,1
12345,resnet_cnn,11,0.0573908969252359,0.2480235368966026,37.470855482726094,0.2480235368966026,1
12345,resnet_cnn,12,0.055608655740744875,0.242421372728327,36.529747201192116,0.242421372728327,1
12345,resnet_cnn,13,0.05449949222143259,0.23959475854702206,36.552722324079,0.23959475854702206,1
12345,resnet_cnn,14,0.05265246392420318,0.23554305776565607,36.28088379448596,0.23554305776565607,1
12345,resnet_cnn,15,0.051911082290964985,0.23598554642314737,36.99289952264575,0.23598554642314737,0
12345,resnet_cnn,16,0.05082156488313872,0.23468956622794943,35.402962821318624,0.23468956622794943,1
12345,resnet_cnn,17,0.05015704838826419,0.2333821824192794,35.50915382614904,0.2333821824192794,1
12345,resnet_cnn,18,0.048640929552252854,0.22714502100024972,34.841071105832704,0.22714502100024972,1
12345,resnet_cnn,19,0.047921125734011916,0.22441530423326173,34.675309686388744,0.22441530423326173,1
12345,resnet_cnn,20,0.04737575418358882,0.22264324181121956,34.812765650747,0.22264324181121956,1
12345,resnet_cnn,21,0.04583532813655489,0.2189780313520463,33.810537759738494,0.2189780313520463,1
12345,resnet_cnn,22,0.04561266864121975,0.21841101397376636,33.924711559371666,0.21841101397376636,1
12345,resnet_cnn,23,0.04433188226681266,0.2138526182635443,32.759833862614826,0.2138526182635443,1
12345,resnet_cnn,24,0.043347473090872564,0.21315057104162222,32.579637680130155,0.21315057104162222,1
12345,resnet_cnn,25,0.04378891215997311,0.21562821748389205,32.848792703775054,0.21562821748389205,0
12345,resnet_cnn,26,0.042535312564413626,0.21177630052424662,33.0677348190913,0.21177630052424662,1
12345,resnet_cnn,27,0.04167771933106321,0.21347497188693154,32.641571741814765,0.21347497188693154,0
12345,resnet_cnn,28,0.04177443395819687,0.21384987126235364,32.734366061903025,0.21384987126235364,0
12345,resnet_cnn,29,0.040920838423599004,0.2087315745065314,31.93936147590792,0.2087315745065314,1
12345,resnet_cnn,30,0.04059720401926342,0.20538016144758617,32.42923494558252,0.20538016144758617,1
12345,resnet_cnn,31,0.03938214208957923,0.20495336042078546,31.718557595236106,0.20495336042078546,1
12345,resnet_cnn,32,0.039387546234974896,0.20317044539766096,31.343871289794482,0.20317044539766096,1
12345,resnet_cnn,33,0.03953027541221203,0.2044542079064983,31.92986062637212,0.2044542079064983,0
12345,resnet_cnn,34,0.03878086115575765,0.20169705717456943,31.43331506560793,0.20169705717456943,1
12345,resnet_cnn,35,0.03894384257005949,0.2003124538475596,30.965950244902643,0.2003124538475596,1
12345,resnet_cnn,36,0.03803090608413637,0.20227003887744271,31.15605278258286,0.20227003887744271,0
12345,resnet_cnn,37,0.03751320827870183,0.19978493861732463,30.748160549511454,0.19978493861732463,1
12345,resnet_cnn,38,0.038224248872693725,0.19805095276579607,30.722298204966503,0.19805095276579607,1
12345,resnet_cnn,39,0.03698496221408357,0.2018669717695426,31.953483980670967,0.2018669717695426,0
12345,resnet_cnn,40,0.038546680796828006,0.2044506359254376,32.09153823698618,0.2044506359254376,0
12345,resnet_cnn,41,0.03688539268217818,0.19864079628366266,30.646584841877075,0.19864079628366266,0
12345,resnet_cnn,42,0.03670815739173379,0.19877007824559706,30.812520734336317,0.19877007824559706,0
12345,resnet_cnn,43,0.037165047872784365,0.20063530699606194,31.08548005861193,0.20063530699606194,0
12345,resnet_cnn,44,0.0367038017614697,0.19681977631680217,30.281433133157996,0.19681977631680217,1
12345,resnet_cnn,45,0.03524780756546923,0.19479055575322468,30.26867312176045,0.19479055575322468,1
12345,resnet_cnn,46,0.03500094849371562,0.19508608385605383,30.079360508396032,0.19508608385605383,0
12345,resnet_cnn,47,0.035830685710239875,0.19310867845995788,29.923111000569058,0.19310867845995788,1
12345,resnet_cnn,48,0.034656316032882446,0.1990350592736015,30.2432725671314,0.1990350592736015,0
12345,resnet_cnn,49,0.03468184676610495,0.19209882501806988,29.77000367288323,0.19209882501806988,1
12345,resnet_cnn,50,0.03433719156377942,0.1961630523696489,29.433670096974556,0.1961630523696489,0
12345,resnet_cnn,51,0.03430728907096415,0.19151661608887569,29.6469325703234,0.19151661608887569,1
12345,resnet_cnn,52,0.034216381754463315,0.19382567891831257,30.160501913564904,0.19382567891831257,0
12345,resnet_cnn,53,0.03447923199284976,0.19418830262524706,29.200703858531053,0.19418830262524706,0
12345,resnet_cnn,54,0.03391207577864619,0.19278984178409034,29.835853156510254,0.19278984178409034,0
12345,resnet_cnn,55,0.0341911501819925,0.1912950038258389,29.326177707946517,0.1912950038258389,1
12345,resnet_cnn,56,0.03386864123680151,0.19328320424913942,29.563390543517688,0.19328320424913942,0
12345,resnet_cnn,57,0.03304267230550158,0.18930900977778586,29.18694763539135,0.18930900977778586,1
12345,resnet_cnn,58,0.03246808576866658,0.19318024615808282,29.859931833755997,0.19318024615808282,0
12345,resnet_cnn,59,0.0337529229747988,0.18947132901939231,29.147392643733927,0.18947132901939231,0
12345,resnet_cnn,60,0.032323179345061306,0.18849063636775967,29.355136725129622,0.18849063636775967,1
12345,resnet_cnn,61,0.0334307977481045,0.19017765137639248,29.477951329227587,0.19017765137639248,0
12345,resnet_cnn,62,0.032889788213510004,0.19012792103559376,28.621473510835273,0.19012792103559376,0
12345,resnet_cnn,63,0.032311396963368655,0.18989344529379226,29.22518693366173,0.18989344529379226,0
12345,resnet_cnn,64,0.03266299454327627,0.18896943482758957,28.966073978486794,0.18896943482758957,0
12345,resnet_cnn,65,0.0317124467334028,0.18626791396899567,28.82685054708772,0.18626791396899567,1
12345,resnet_cnn,66,0.031443772058018515,0.18888325674828926,28.70048765001116,0.18888325674828926,0
12345,resnet_cnn,67,0.03144546550157006,0.1871787683342097,28.518955890701008,0.1871787683342097,0
12345,resnet_cnn,68,0.031493803400120306,0.19112207428402878,29.632255938857117,0.19112207428402878,0
12345,resnet_cnn,69,0.03153502867713462,0.18821176207938747,28.676412744327244,0.18821176207938747,0
12345,resnet_cnn,70,0.032162034009422406,0.18772845227981702,28.72840869232616,0.18772845227981702,0
12345,resnet_cnn,71,0.03122747516816985,0.19087135215622245,28.09050149393188,0.19087135215622245,0
12345,resnet_cnn,72,0.030906582831285005,0.18964117928231122,28.57345840856994,0.18964117928231122,0
12345,resnet_cnn,73,0.031401987017615,0.18521837429186708,28.372254151318046,0.18521837429186708,1
12345,resnet_cnn,74,0.031211422266860078,0.18629870816921318,28.48903484274324,0.18629870816921318,0
12345,resnet_cnn,75,0.030993057156566285,0.1889590840835244,28.8005902809447,0.1889590840835244,0
12345,resnet_cnn,76,0.031543388051817015,0.19029768934219415,29.2271839871051,0.19029768934219415,0
12345,resnet_cnn,77,0.03070519436739947,0.1870493899755469,28.20953366487966,0.1870493899755469,0
12345,resnet_cnn,78,0.03064062952578358,0.18419714836426332,28.122602210962253,0.18419714836426332,1
12345,resnet_cnn,79,0.030124036445669883,0.18469316557143733,27.915191015097136,0.18469316557143733,0
12345,resnet_cnn,80,0.02998514429024826,0.18358237423281012,28.03281346853352,0.18358237423281012,1
12345,resnet_cnn,81,0.03046029507026185,0.18769131583457432,28.48701292274112,0.18769131583457432,0
12345,resnet_cnn,82,0.029809172140602067,0.18789952723895292,29.08204915981161,0.18789952723895292,0
12345,resnet_cnn,83,0.030219674337011764,0.18909360259350902,28.123116278183467,0.18909360259350902,0
12345,resnet_cnn,84,0.030426171266104474,0.18564729328452503,28.417800170399413,0.18564729328452503,0
12345,resnet_cnn,85,0.03018335617371719,0.1897384588254342,27.869112268743773,0.1897384588254342,0
12345,resnet_cnn,86,0.030991589931494708,0.18772527033788736,28.639485223756722,0.18772527033788736,0
12345,resnet_cnn,87,0.029712667865474728,0.186169226934297,28.411017152281367,0.186169226934297,0
12345,resnet_cnn,88,0.02953999020032349,0.1853602509442311,28.088795578029174,0.1853602509442311,0
12345,resnet_cnn,89,0.030035986064269306,0.18884392252833218,28.273997249145072,0.18884392252833218,0
12345,resnet_cnn,90,0.029692555172708784,0.18209023201720959,28.34368143951836,0.18209023201720959,1
12345,resnet_cnn,91,0.02910789639809126,0.1869943752088204,28.256264333777853,0.1869943752088204,0
12345,resnet_cnn,92,0.02893111934554548,0.18250407125079232,27.722658234742514,0.18250407125079232,0
12345,resnet_cnn,93,0.029600485407015414,0.18340080856886778,27.765519002554093,0.18340080856886778,0
12345,resnet_cnn,94,0.029060635761042872,0.18539402762766494,27.65655728242035,0.18539402762766494,0
12345,resnet_cnn,95,0.028761306351590042,0.18029716495144574,27.643759840572372,0.18029716495144574,1
12345,resnet_cnn,96,0.02893386063349508,0.18035111237393167,27.28261687751157,0.18035111237393167,0
12345,resnet_cnn,97,0.029089677834162747,0.1845590574802074,28.17429806900308,0.1845590574802074,0
12345,resnet_cnn,98,0.02856880031217914,0.18036331077987727,27.245620212513415,0.18036331077987727,0
12345,resnet_cnn,99,0.029087455385792865,0.18456693249512074,28.417542625387572,0.18456693249512074,0
12345,resnet_cnn,100,0.0286357850516147,0.1804561679835338,27.31767108590152,0.1804561679835338,0
12345,fno,1,0.33672213208138796,0.31472019258418243,49.59153360842927,0.31472019258418243,1
12345,fno,2,0.07703700068875821,0.25340336143648484,39.76290614029251,0.25340336143648484,1
12345,fno,3,0.05986374174301352,0.2380882849222212,37.672650382035606,0.2380882849222212,1
12345,fno,4,0.053615044965578694,0.22710063566839048,36.53386557966238,0.22710063566839048,1
12345,fno,5,0.04926145474659845,0.21906074523222965,35.146768423532826,0.21906074523222965,1
12345,fno,6,0.04590960496859829,0.21269725829119113,34.02298209175764,0.21269725829119113,1
12345,fno,7,0.043170524711228925,0.2076301887262495,33.52261364367604,0.2076301887262495,1
12345,fno,8,0.04118742573544057,0.20229840465887763,32.31406614302451,0.20229840465887763,1
12345,fno,9,0.0392629695181574,0.19954017095302753,31.86938064018321,0.19954017095302753,1
12345,fno,10,0.038053877987058206,0.19673225248812992,31.407017938733027,0.19673225248812992,1
12345,fno,11,0.03704992187755531,0.1953433188552223,30.909197967306586,0.1953433188552223,1
12345,fno,12,0.03580698881234856,0.19295082115917014,30.732825715716185,0.19295082115917014,1
12345,fno,13,0.03475756993077677,0.19214362633143006,30.27158497050717,0.19214362633143006,1
12345,fno,14,0.03417284296340606,0.19087997935123868,29.755684610996582,0.19087997935123868,1
12345,fno,15,0.03326252389273214,0.18961529215831857,29.58167184772405,0.18961529215831857,1
12345,fno,16,0.032660108077772636,0.18720933043249496,29.47110900797104,0.18720933043249496,1
12345,fno,17,0.032245482537904505,0.18670709320063256,29.110003846690965,0.18670709320063256,1
12345,fno,18,0.031381458560698225,0.1854768443286553,29.02077674091467,0.1854768443286553,1
12345,fno,19,0.031087048315508813,0.18436233313491304,28.66034281930605,0.18436233313491304,1
12345,fno,20,0.030510925925778646,0.1853484958129995,28.794985620344995,0.1853484958129995,0
12345,fno,21,0.030004483455035227,0.18510362368772476,28.360832633997177,0.18510362368772476,0
12345,fno,22,0.02941925909342992,0.1834651017109248,28.23424210707908,0.1834651017109248,1
12345,fno,23,0.029166425485390526,0.18338060414980661,28.22644109366673,0.18338060414980661,1
12345,fno,24,0.028314644149040075,0.18410640991779653,28.19233927647622,0.18410640991779653,0
12345,fno,25,0.028026605691135364,0.18359571938153021,28.01556441212519,0.18359571938153021,0
12345,fno,26,0.02811049659557441,0.18244999474200102,27.67749704062262,0.18244999474200102,1
12345,fno,27,0.027247077873806015,0.1809437397193519,27.695061544871383,0.1809437397193519,1
12345,fno,28,0.027018498035641773,0.1835901256896557,27.410863553889364,0.1835901256896557,0
12345,fno,29,0.026847633331506502,0.18503296296980298,27.834920776238413,0.18503296296980298,0
12345,fno,30,0.026517425756674904,0.18307735638122757,27.39751810067675,0.18307735638122757,0
12345,fno,31,0.02605036760333681,0.18093629537938816,27.342763595207412,0.18093629537938816,1
12345,fno,32,0.025805754029620303,0.18162001255415414,27.558058245265418,0.18162001255415414,0
12345,fno,33,0.025546438865127936,0.1851706578766298,27.518097453230563,0.1851706578766298,0
12345,fno,34,0.025941932474210894,0.18212097498419788,27.38715632550599,0.18212097498419788,0
12345,fno,35,0.025199142364001042,0.1810021462941961,27.28630847575886,0.1810021462941961,0
12345,fno,36,0.02494669216175149,0.18117072739593396,27.129754244323003,0.18117072739593396,0
12345,fno,37,0.024396569896353422,0.1790860765787962,26.985798913752504,0.1790860765787962,1
12345,fno,38,0.024128963513675977,0.18033342897999355,26.920286570432356,0.18033342897999355,0
12345,fno,39,0.02425122871505518,0.17989977964719867,26.985174913441384,0.17989977964719867,0
12345,fno,40,0.023775003066426936,0.1852866119673374,26.99394961232651,0.1852866119673374,0
12345,fno,41,0.023696142355310947,0.18245030965233758,27.003385326547757,0.18245030965233758,0
12345,fno,42,0.0232385249713259,0.17967934294911672,26.9180690928057,0.17967934294911672,0
12345,fno,43,0.023008756502701417,0.18016215533911242,26.68474249805041,0.18016215533911242,0
12345,fno,44,0.0231715988893506,0.18008879835686056,26.560430852134726,0.18008879835686056,0
12345,fno,45,0.0227735386912115,0.18072041289002205,26.633805409865378,0.18072041289002205,0
12345,fno,46,0.022541875051393417,0.1809707109097196,26.784826301852284,0.1809707109097196,0
12345,fno,47,0.02240080382321438,0.17980058326755108,26.39493263943709,0.17980058326755108,0
12345,fno,48,0.022081649601640784,0.18279607995031735,26.725682969738536,0.18279607995031735,0
12345,fno,49,0.022123346649055933,0.18151970238855827,26.589059920483216,0.18151970238855827,0
12345,fno,50,0.021906809156212202,0.18176180928053695,26.563027165228124,0.18176180928053695,0
12345,fno,51,0.021823469921040128,0.185227121677038,26.658798026572207,0.185227121677038,0
12345,fno,52,0.021819624682738833,0.18234630864416188,26.47599010417706,0.18234630864416188,0
12345,fno,53,0.0214064290062717,0.18223684695315515,26.295748339683552,0.18223684695315515,0
12345,fno,54,0.02158650809812865,0.18176054801762342,26.38071217411088,0.18176054801762342,0
12345,fno,55,0.0214911125047436,0.1806981203330761,26.20998134061477,0.1806981203330761,0
12345,fno,56,0.021177763844457277,0.18042849928017896,26.05181524918485,0.18042849928017896,0
12345,fno,57,0.020747340812263988,0.1828387488318928,26.3092996111181,0.1828387488318928,0
23456,resnet_cnn,1,0.1285457202842926,0.2777575756280712,43.25350653180754,0.2777575756280712,1
23456,resnet_cnn,2,0.06924345335241072,0.26975000768602886,41.24866587534716,0.26975000768602886,1
23456,resnet_cnn,3,0.06658537464710337,0.26852839841415266,40.60347801399266,0.26852839841415266,1
23456,resnet_cnn,4,0.06550344016285128,0.26569358018042444,39.21331047436859,0.26569358018042444,1
23456,resnet_cnn,5,0.06428468468487988,0.26253742909213407,38.956894712055835,0.26253742909213407,1
23456,resnet_cnn,6,0.06332790207144988,0.26064110425569653,39.37626799150499,0.26064110425569653,1
23456,resnet_cnn,7,0.06182202754809619,0.2568486219756624,38.27580973818652,0.2568486219756624,1
23456,resnet_cnn,8,0.06049223671103046,0.25357524581750995,37.90245463887595,0.25357524581750995,1
23456,resnet_cnn,9,0.05961280792879072,0.25405524357266485,37.83628084591027,0.25405524357266485,0
23456,resnet_cnn,10,0.058443566634707206,0.24877742969074004,38.653695879572076,0.24877742969074004,1
23456,resnet_cnn,11,0.057098243884071524,0.2480413325364637,38.50697519440446,0.2480413325364637,1
23456,resnet_cnn,12,0.05562903166469867,0.24182063730578862,36.40538302969295,0.24182063730578862,1
23456,resnet_cnn,13,0.053526334727405055,0.2451494390352578,35.90827074082151,0.2451494390352578,0
23456,resnet_cnn,14,0.05297033363667718,0.23821925190121412,35.56522877166009,0.23821925190121412,1
23456,resnet_cnn,15,0.051856298443754806,0.23217726043008532,35.53705613019477,0.23217726043008532,1
23456,resnet_cnn,16,0.05000098610700192,0.23003030175088174,35.12579358244021,0.23003030175088174,1
23456,resnet_cnn,17,0.048823563422817386,0.22710332901348868,35.5970298247986,0.22710332901348868,1
23456,resnet_cnn,18,0.04833316742249939,0.2289269887353303,34.71009861544517,0.2289269887353303,0
23456,resnet_cnn,19,0.047254476741572654,0.22172277219958655,34.49408085232988,0.22172277219958655,1
23456,resnet_cnn,20,0.04608406688465109,0.2242025933928178,33.55516745896833,0.2242025933928178,0
23456,resnet_cnn,21,0.04618789851121659,0.21968247452236883,33.786268505119416,0.21968247452236883,1
23456,resnet_cnn,22,0.044743815160508286,0.2163908507766842,33.15005187880844,0.2163908507766842,1
23456,resnet_cnn,23,0.04382579388445891,0.21410160395611263,33.2943099878876,0.21410160395611263,1
23456,resnet_cnn,24,0.04316368865850778,0.21388693739420997,32.519859450943954,0.21388693739420997,1
23456,resnet_cnn,25,0.043008919333962045,0.21304667493785995,32.55558840012454,0.21304667493785995,1
23456,resnet_cnn,26,0.042486702737799524,0.2165154509439301,32.85462620375704,0.2165154509439301,0
23456,resnet_cnn,27,0.041279799429532096,0.2158944015719265,32.26376379640533,0.2158944015719265,0
23456,resnet_cnn,28,0.04142848203760864,0.20920956762691942,31.859858685627355,0.20920956762691942,1
23456,resnet_cnn,29,0.04059769272115399,0.20729657516202565,32.08413378277889,0.20729657516202565,1
23456,resnet_cnn,30,0.04010679101494397,0.20641975591662912,32.05939625521479,0.20641975591662912,1
23456,resnet_cnn,31,0.04033436473014871,0.20680412185776093,31.264536328459965,0.20680412185776093,0
23456,resnet_cnn,32,0.038976259230479704,0.20585780624083677,31.23226819072178,0.20585780624083677,1
23456,resnet_cnn,33,0.03996498180313122,0.2075115647663991,31.963590569621143,0.2075115647663991,0
23456,resnet_cnn,34,0.0384281027853634,0.20779014031919144,32.153753015846696,0.20779014031919144,0
23456,resnet_cnn,35,0.038136328405127325,0.20286749778392568,31.372242823205085,0.20286749778392568,1
23456,resnet_cnn,36,0.03826088417511787,0.20276583569800677,30.849747974254885,0.20276583569800677,1
23456,resnet_cnn,37,0.03728825187904266,0.19843028252967918,30.626112453408698,0.19843028252967918,1
23456,resnet_cnn,38,0.036675393055680315,0.19868620294968198,30.709911052783426,0.19868620294968198,0
23456,resnet_cnn,39,0.036795627212473654,0.19832579182214471,30.481915733373757,0.19832579182214471,1
23456,resnet_cnn,40,0.035948739362169066,0.20092195894230827,30.511902131462655,0.20092195894230827,0
23456,resnet_cnn,41,0.037335196034099065,0.19748777285398508,30.3876588674898,0.19748777285398508,1
23456,resnet_cnn,42,0.03589906893362384,0.19729014445477236,30.87264489616311,0.19729014445477236,1
23456,resnet_cnn,43,0.03545995070225131,0.19751714750842206,30.099196902027813,0.19751714750842206,0
23456,resnet_cnn,44,0.035908309493549256,0.19650022300165113,30.589188261960917,0.19650022300165113,1
23456,resnet_cnn,45,0.035811386503949945,0.19364850598949618,30.22144101758176,0.19364850598949618,1
23456,resnet_cnn,46,0.03469796877562855,0.19208814761869833,29.812996775675227,0.19208814761869833,1
23456,resnet_cnn,47,0.034579604175259016,0.19475210490416578,30.177884904749934,0.19475210490416578,0
23456,resnet_cnn,48,0.0354754439444075,0.19522648311052276,30.117066947486684,0.19522648311052276,0
23456,resnet_cnn,49,0.03436137647923182,0.19333680042603932,29.754402345443157,0.19333680042603932,0
23456,resnet_cnn,50,0.03427534349661529,0.19929131096959735,29.973162493862006,0.19929131096959735,0
23456,resnet_cnn,51,0.03487455998060187,0.20368523268496033,30.207857826343393,0.20368523268496033,0
23456,resnet_cnn,52,0.03540493334913196,0.19355439086360715,30.168004062004975,0.19355439086360715,0
23456,resnet_cnn,53,0.03419554649587095,0.1940199993716446,29.52917879458621,0.1940199993716446,0
23456,resnet_cnn,54,0.03390510654906287,0.1935429583348044,29.607780879785494,0.1935429583348044,0
23456,resnet_cnn,55,0.03380614691334629,0.19253894245401085,29.42412339247118,0.19253894245401085,0
23456,resnet_cnn,56,0.033769212799133176,0.19754277158734165,30.146910986536742,0.19754277158734165,0
23456,resnet_cnn,57,0.03365879813141196,0.1923302985049418,29.579292727229863,0.1923302985049418,0
23456,resnet_cnn,58,0.03273993383848319,0.19085109063917735,28.865644055995727,0.19085109063917735,1
23456,resnet_cnn,59,0.032794739208082214,0.1942759816920068,28.774076541887187,0.1942759816920068,0
23456,resnet_cnn,60,0.03289094169843951,0.18926924888759217,29.201411244163058,0.18926924888759217,1
23456,resnet_cnn,61,0.032476660725264075,0.1888418982421358,28.914600354833258,0.1888418982421358,1
23456,resnet_cnn,62,0.031759587726091235,0.18777783339467125,28.63046274498742,0.18777783339467125,1
23456,resnet_cnn,63,0.03253704074706765,0.19884007628277903,29.625456940400955,0.19884007628277903,0
23456,resnet_cnn,64,0.033047168939363054,0.19206558663046192,29.541787565062922,0.19206558663046192,0
23456,resnet_cnn,65,0.03290410397841693,0.18666915026052225,29.030961207076246,0.18666915026052225,1
23456,resnet_cnn,66,0.031487675696393866,0.18846318853919514,28.83525612569049,0.18846318853919514,0
23456,resnet_cnn,67,0.03151830592602854,0.18785572313496293,28.785135065836702,0.18785572313496293,0
23456,resnet_cnn,68,0.03231426162550049,0.19056712613865387,29.353277532067093,0.19056712613865387,0
23456,resnet_cnn,69,0.031931476943974364,0.1890530085803342,28.553118722913354,0.1890530085803342,0
23456,resnet_cnn,70,0.03081974807283739,0.18521362293021681,28.573549275868466,0.18521362293021681,1
23456,resnet_cnn,71,0.031372568033037396,0.188400527650955,28.775252435563925,0.188400527650955,0
23456,resnet_cnn,72,0.03136550868043354,0.19006897472802292,29.223298613489938,0.19006897472802292,0
23456,resnet_cnn,73,0.03160811446770264,0.18810153830663193,28.943108237543893,0.18810153830663193,0
23456,resnet_cnn,74,0.031926861023779625,0.18671260847581547,29.163033934439813,0.18671260847581547,0
23456,resnet_cnn,75,0.03129228855281561,0.1851597403655743,28.304642364440415,0.1851597403655743,1
23456,resnet_cnn,76,0.030820740790190197,0.1867841050635329,28.72033830327026,0.1867841050635329,0
23456,resnet_cnn,77,0.031142620505751485,0.1842156621612346,28.390047226500368,0.1842156621612346,1
23456,resnet_cnn,78,0.030568235791730184,0.187991670621791,28.59186143604375,0.187991670621791,0
23456,resnet_cnn,79,0.03056606969857303,0.1852059947362535,28.545003520654014,0.1852059947362535,0
23456,resnet_cnn,80,0.030174104868459294,0.1863399610280475,28.354472869240453,0.1863399610280475,0
23456,resnet_cnn,81,0.030174113742082658,0.19602415060859626,29.794157164334447,0.19602415060859626,0
23456,resnet_cnn,82,0.03143785636047232,0.1842942049326468,28.205227945733856,0.1842942049326468,0
23456,resnet_cnn,83,0.030071872751026837,0.1840077565400599,28.238652936686737,0.1840077565400599,1
23456,resnet_cnn,84,0.030026403085811296,0.19163273791252555,28.219152174923035,0.19163273791252555,0
23456,resnet_cnn,85,0.0310247524430717,0.18782413873578033,29.269617090113666,0.18782413873578033,0
23456,resnet_cnn,86,0.03064399301425674,0.18268298270581815,28.16168238955367,0.18268298270581815,1
23456,resnet_cnn,87,0.029921421232812304,0.18732083415411005,28.20419759192998,0.18732083415411005,0
23456,resnet_cnn,88,0.029528578593783134,0.18630756863961398,28.584187115087083,0.18630756863961398,0
23456,resnet_cnn,89,0.03062312949421632,0.18809664877290147,28.548313080357108,0.18809664877290147,0
23456,resnet_cnn,90,0.02939647350487483,0.18446953863252902,28.042800412982483,0.18446953863252902,0
23456,resnet_cnn,91,0.03005739705696013,0.18521835920714425,28.424281922320283,0.18521835920714425,0
23456,resnet_cnn,92,0.02975099804355715,0.1882961994461764,27.75141529968383,0.1882961994461764,0
23456,resnet_cnn,93,0.030065786555735736,0.1824247542065945,27.960759345233054,0.1824247542065945,1
23456,resnet_cnn,94,0.028957538025730138,0.1810704266917437,27.609325388876723,0.1810704266917437,1
23456,resnet_cnn,95,0.02906876229601765,0.18363943951822215,27.63281790799681,0.18363943951822215,0
23456,resnet_cnn,96,0.028709035135642456,0.17966305764237844,27.256945162910938,0.17966305764237844,1
23456,resnet_cnn,97,0.029354880058598633,0.1879425229412832,28.65536061531041,0.1879425229412832,0
23456,resnet_cnn,98,0.02890523671741323,0.18524232109409222,27.988101717660616,0.18524232109409222,0
23456,resnet_cnn,99,0.029140355745262473,0.18238818090427814,27.749541274996115,0.18238818090427814,0
23456,resnet_cnn,100,0.02825706559086078,0.18320785007699592,27.70253087515386,0.18320785007699592,0
23456,fno,1,0.3061984159106756,0.31482683075502677,48.05540735103185,0.31482683075502677,1
23456,fno,2,0.07212756855136866,0.2543233560402405,39.755393629868614,0.2543233560402405,1
23456,fno,3,0.060680457637837915,0.24259755937874,38.24440224622525,0.24259755937874,1
23456,fno,4,0.055588233382089874,0.23287166159846956,36.922171634883114,0.23287166159846956,1
23456,fno,5,0.05076420001703747,0.22407581018268946,35.86143354964078,0.22407581018268946,1
23456,fno,6,0.047331033396894914,0.21605301304073327,34.92250123427695,0.21605301304073327,1
23456,fno,7,0.04472074427453851,0.21167685529779348,34.58752320237,0.21167685529779348,1
23456,fno,8,0.04275596910439559,0.20619673079940765,33.608921804588825,0.20619673079940765,1
23456,fno,9,0.04077372118975704,0.2039406682452748,33.255794973166594,0.2039406682452748,1
23456,fno,10,0.03932991764369962,0.20036894549017556,32.377812457053146,0.20036894549017556,1
23456,fno,11,0.03838054839421943,0.1988754896890954,31.744224082158368,0.1988754896890954,1
23456,fno,12,0.037344664135843586,0.19476381111471533,31.228411235842604,0.19476381111471533,1
23456,fno,13,0.0362921912413444,0.19501534451566682,31.119000797712115,0.19501534451566682,0
23456,fno,14,0.03538466975038504,0.19161230902310766,30.71924619709438,0.19161230902310766,1
23456,fno,15,0.034504001783410995,0.19034909380659135,30.195015753648143,0.19034909380659135,1
23456,fno,16,0.034104159269527215,0.18896768257315288,30.220619733500968,0.18896768257315288,1
23456,fno,17,0.03310886588301102,0.1901871786709575,29.82468718716351,0.1901871786709575,0
23456,fno,18,0.03260660660962989,0.18799274755578027,29.705657661207592,0.18799274755578027,1
23456,fno,19,0.031593668444530806,0.18859862901394656,29.38964325854999,0.18859862901394656,0
23456,fno,20,0.031451050890043124,0.1862660828395641,29.086224563351585,0.1862660828395641,1
23456,fno,21,0.030732095169034898,0.18935244438990784,29.353770879946417,0.18935244438990784,0
23456,fno,22,0.030811368798216183,0.1893797421497182,29.630653199797553,0.1893797421497182,0
23456,fno,23,0.030041293596844314,0.1860057165187222,28.593039427675997,0.1860057165187222,1
23456,fno,24,0.029095697305063263,0.18612756942666953,29.172125813136358,0.18612756942666953,0
23456,fno,25,0.02894527325066772,0.18157912231464032,28.351096019812967,0.18157912231464032,1
23456,fno,26,0.028556577281215186,0.186484665437874,28.323231082822936,0.186484665437874,0
23456,fno,27,0.027998987159299736,0.18410547523989693,28.15436420887673,0.18410547523989693,0
23456,fno,28,0.027621518766140416,0.18277159000493823,28.073767400511578,0.18277159000493823,0
23456,fno,29,0.02761740684327998,0.18465360067217934,28.093303849958794,0.18465360067217934,0
23456,fno,30,0.027121196217708053,0.18365078483449612,27.984964306597828,0.18365078483449612,0
23456,fno,31,0.02681390854582154,0.18442447817853677,28.15162627606669,0.18442447817853677,0
23456,fno,32,0.026704084640255518,0.1831225789218796,27.675501896935966,0.1831225789218796,0
23456,fno,33,0.026397885886131994,0.18457937625898854,27.695670705868043,0.18457937625898854,0
23456,fno,34,0.025972811740861614,0.1827402351533203,27.849435978606547,0.1827402351533203,0
23456,fno,35,0.025753605181754652,0.1815424650741449,27.50013757129152,0.1815424650741449,1
23456,fno,36,0.025278502565393917,0.18127348968025145,27.391930706082356,0.18127348968025145,1
23456,fno,37,0.025184436984487114,0.18090859160356323,27.33109469701894,0.18090859160356323,1
23456,fno,38,0.024983666964110956,0.18194990198001218,27.402654778593607,0.18194990198001218,0
23456,fno,39,0.024569591561699435,0.1841844527915359,27.66048601668378,0.1841844527915359,0
23456,fno,40,0.02426344674724152,0.18100942723867208,27.108200802185173,0.18100942723867208,0
23456,fno,41,0.023999600564730137,0.18182789785487302,27.13928222562256,0.18182789785487302,0
23456,fno,42,0.023987217541158633,0.18384665849115014,27.249877467905378,0.18384665849115014,0
23456,fno,43,0.02395410417440889,0.1833915322585763,27.313100642415225,0.1833915322585763,0
23456,fno,44,0.02358015649782045,0.1830880674260923,27.182836029341257,0.1830880674260923,0
23456,fno,45,0.023531193384977733,0.18225314756023436,26.872127041533556,0.18225314756023436,0
23456,fno,46,0.02291709960522153,0.18298423000711886,26.96873431396794,0.18298423000711886,0
23456,fno,47,0.022952967375480634,0.18128819426844794,26.887315405368703,0.18128819426844794,0
23456,fno,48,0.0227525923763676,0.18246911650996286,26.803519735834684,0.18246911650996286,0
23456,fno,49,0.02233827179818983,0.18345746719819267,27.15133347028716,0.18345746719819267,0
23456,fno,50,0.022333941184473734,0.1832531076558435,26.798273411650843,0.1832531076558435,0
23456,fno,51,0.02191110699009286,0.18454676374252185,26.931848993605655,0.18454676374252185,0
23456,fno,52,0.021737938085140393,0.18301868044742128,26.574705311199452,0.18301868044742128,0
23456,fno,53,0.021822918342412824,0.18397581098287996,26.816276711925656,0.18397581098287996,0
23456,fno,54,0.021598026006870025,0.18311126699803962,26.84902145892594,0.18311126699803962,0
23456,fno,55,0.021441603441996877,0.18428112068300612,26.63537741541327,0.18428112068300612,0
23456,fno,56,0.02137528668518049,0.18268102858282934,26.683748197190944,0.18268102858282934,0
23456,fno,57,0.02110153605703745,0.18296306922166247,26.698950283197217,0.18296306922166247,0
34567,resnet_cnn,1,0.12577003534257847,0.2732400978089434,41.67676427684734,0.2732400978089434,1
34567,resnet_cnn,2,0.06826802125594912,0.26915248892826626,40.21299639305983,0.26915248892826626,1
34567,resnet_cnn,3,0.06609063468637838,0.26641278477249697,39.306487301118935,0.26641278477249697,1
34567,resnet_cnn,4,0.06465593038394213,0.2632291799801545,39.15290698277065,0.2632291799801545,1
34567,resnet_cnn,5,0.0636508667755446,0.2601484309867793,38.03811691001165,0.2601484309867793,1
34567,resnet_cnn,6,0.06205781161277544,0.2568292195729379,38.39994579850769,0.2568292195729379,1
34567,resnet_cnn,7,0.06055618441888016,0.256938167553952,37.45789600527735,0.256938167553952,0
34567,resnet_cnn,8,0.05968259100025008,0.2503219014174154,37.850770119709075,0.2503219014174154,1
34567,resnet_cnn,9,0.05863004823163188,0.24809703285122323,37.68031799472268,0.24809703285122323,1
34567,resnet_cnn,10,0.05703568676998726,0.24475965047277562,36.30124637598318,0.24475965047277562,1
34567,resnet_cnn,11,0.0550278749253483,0.24070328973680644,36.22769553028416,0.24070328973680644,1
34567,resnet_cnn,12,0.05379776972053695,0.2372049349632937,35.65409478812038,0.2372049349632937,1
34567,resnet_cnn,13,0.05275456803123446,0.23386866823168198,35.61492392827911,0.23386866823168198,1
34567,resnet_cnn,14,0.05105755284174805,0.23048433029847462,35.372845761816826,0.23048433029847462,1
34567,resnet_cnn,15,0.04959712067841033,0.2295301789898327,34.9392495187199,0.2295301789898327,1
34567,resnet_cnn,16,0.04842115245270033,0.22839132950193655,35.098527083444395,0.22839132950193655,1
34567,resnet_cnn,17,0.04732176353316527,0.22427180129608093,34.588821844842705,0.22427180129608093,1
34567,resnet_cnn,18,0.045597504235242114,0.21778947534947046,33.56704272214361,0.21778947534947046,1
34567,resnet_cnn,19,0.04457063861463192,0.21692252929178607,33.183580817989004,0.21692252929178607,1
34567,resnet_cnn,20,0.04431675901124367,0.2147217183899833,33.23748451974695,0.2147217183899833,1
34567,resnet_cnn,21,0.04320838460086906,0.21479363156996953,32.666780946651954,0.21479363156996953,0
34567,resnet_cnn,22,0.04278121204761258,0.21246686945244223,32.51476431150037,0.21246686945244223,1
34567,resnet_cnn,23,0.04217200365524802,0.2103120205810852,32.119492325201264,0.2103120205810852,1
34567,resnet_cnn,24,0.04176347217819407,0.2072069657061349,32.28783767838825,0.2072069657061349,1
34567,resnet_cnn,25,0.04240262138582494,0.21200508183248962,32.533776233922126,0.21200508183248962,0
34567,resnet_cnn,26,0.04136094905055352,0.20686747297467267,31.757029047831654,0.20686747297467267,1
34567,resnet_cnn,27,0.04014401874729317,0.20505099693539186,32.22724743105639,0.20505099693539186,1
34567,resnet_cnn,28,0.03956898122373288,0.20230791569388806,31.36457666188565,0.20230791569388806,1
34567,resnet_cnn,29,0.039320471005428154,0.20372319944563808,31.32823770137359,0.20372319944563808,0
34567,resnet_cnn,30,0.038649172642225185,0.2040907064,30.966835727792525,0.2040907064,0
34567,resnet_cnn,31,0.03905726766209243,0.20292987423848163,32.12553649899923,0.20292987423848163,0
34567,resnet_cnn,32,0.0382051791388478,0.20247334566604697,30.65405898876685,0.20247334566604697,0
34567,resnet_cnn,33,0.037416583683949026,0.199176455160797,31.224189136885595,0.199176455160797,1
34567,resnet_cnn,34,0.036944345818093804,0.2017020673819404,30.72720219327262,0.2017020673819404,0
34567,resnet_cnn,35,0.038202569867572644,0.20201629535552001,31.020470745076576,0.20201629535552001,0
34567,resnet_cnn,36,0.03680254958588131,0.19985046889113062,30.47082683760016,0.19985046889113062,0
34567,resnet_cnn,37,0.03643027223519745,0.19788445694536289,30.919900371859406,0.19788445694536289,1
34567,resnet_cnn,38,0.036501155182755485,0.196356439541625,31.12931231438869,0.196356439541625,1
34567,resnet_cnn,39,0.035894969482781536,0.19492126086629177,30.58045524500495,0.19492126086629177,1
34567,resnet_cnn,40,0.0354495627166581,0.19668237280591508,29.786677079722654,0.19668237280591508,0
34567,resnet_cnn,41,0.035751263237130036,0.19598736298535857,30.076703791225057,0.19598736298535857,0
34567,resnet_cnn,42,0.03491253673196419,0.19719491041243462,30.356877791414888,0.19719491041243462,0
34567,resnet_cnn,43,0.03560573090130685,0.19244229083578665,30.164770354483583,0.19244229083578665,1
34567,resnet_cnn,44,0.03558867289673383,0.19336579941256135,30.11265641270538,0.19336579941256135,0
34567,resnet_cnn,45,0.03440471772113566,0.19269248693363186,29.984681280830973,0.19269248693363186,0
34567,resnet_cnn,46,0.03383230620093299,0.1907457606562448,29.58161199838243,0.1907457606562448,1
34567,resnet_cnn,47,0.034750889388531665,0.1925907322242907,29.63521673349451,0.1925907322242907,0
34567,resnet_cnn,48,0.033898935070909436,0.19143983824703573,29.7643898968689,0.19143983824703573,0
34567,resnet_cnn,49,0.03401429573223538,0.19460230305441545,29.499237642446474,0.19460230305441545,0
34567,resnet_cnn,50,0.03393746649624368,0.1905775974247205,29.491912548181812,0.1905775974247205,1
34567,resnet_cnn,51,0.03308661315146009,0.18880425493254605,28.833604386661715,0.18880425493254605,1
34567,resnet_cnn,52,0.03367241452065117,0.19519228536823258,28.84133824322711,0.19519228536823258,0
34567,resnet_cnn,53,0.0332032861754552,0.1892002185087771,29.242304815043575,0.1892002185087771,0
34567,resnet_cnn,54,0.03275160245833025,0.19043621074631772,29.661990258104765,0.19043621074631772,0
34567,resnet_cnn,55,0.03365244597667905,0.19239112168748487,29.69165323216569,0.19239112168748487,0
34567,resnet_cnn,56,0.03251387964290569,0.18889766932964566,28.85070398988501,0.18889766932964566,0
34567,resnet_cnn,57,0.03253266687103867,0.19171816287806673,29.56478043282618,0.19171816287806673,0
34567,resnet_cnn,58,0.03246388987721898,0.1875515329781935,29.006696820677675,0.1875515329781935,1
34567,resnet_cnn,59,0.0326918395113771,0.1940220231726903,29.605236909010703,0.1940220231726903,0
34567,resnet_cnn,60,0.032630439548596846,0.19034973437392727,29.105825325628803,0.19034973437392727,0
34567,resnet_cnn,61,0.03248462144403272,0.18797247226638877,28.901045234953227,0.18797247226638877,0
34567,resnet_cnn,62,0.03224286980419409,0.19420119673389974,29.601476475094415,0.19420119673389974,0
34567,resnet_cnn,63,0.03219624484578768,0.1878921003602506,28.99955431945228,0.1878921003602506,0
34567,resnet_cnn,64,0.03136703767643793,0.18693474777092467,28.572093388940498,0.18693474777092467,1
34567,resnet_cnn,65,0.03142771642845477,0.18454066897467206,28.381326165905705,0.18454066897467206,1
34567,resnet_cnn,66,0.03126580444438759,0.189659827971503,28.710920462778358,0.189659827971503,0
34567,resnet_cnn,67,0.03137826586001691,0.1879632759803386,28.872839753975548,0.1879632759803386,0
34567,resnet_cnn,68,0.030901588771465052,0.18336493980820504,28.126001944944843,0.18336493980820504,1
34567,resnet_cnn,69,0.0304827819467316,0.18968486717046887,29.128035592171948,0.18968486717046887,0
34567,resnet_cnn,70,0.030403941905991584,0.18681613565157143,28.59449332697223,0.18681613565157143,0
34567,resnet_cnn,71,0.03049486149510328,0.18996624127015405,29.149388185171464,0.18996624127015405,0
34567,resnet_cnn,72,0.030238127181818595,0.1849650430490925,28.65339055175345,0.1849650430490925,0
34567,resnet_cnn,73,0.03159833197774243,0.18456948108974902,28.084014523008367,0.18456948108974902,0
34567,resnet_cnn,74,0.030648427025172544,0.18985229930604358,29.08927482632763,0.18985229930604358,0
34567,resnet_cnn,75,0.030453214829746823,0.1838016573674583,27.80421091309833,0.1838016573674583,0
34567,resnet_cnn,76,0.03021484595290646,0.18683374114257797,27.969751457059633,0.18683374114257797,0
34567,resnet_cnn,77,0.03163461825853427,0.1912032245343152,28.336478185932037,0.1912032245343152,0
34567,resnet_cnn,78,0.03061115514224173,0.18707526721431655,28.931035263402414,0.18707526721431655,0
34567,resnet_cnn,79,0.0293914951529091,0.1979859833369749,28.911958493534883,0.1979859833369749,0
34567,resnet_cnn,80,0.030416571057045837,0.19891981997052793,29.167612899676282,0.19891981997052793,0
34567,resnet_cnn,81,0.031030624243827343,0.19320622368486345,29.125763662754842,0.19320622368486345,0
34567,resnet_cnn,82,0.029998099517503214,0.18284592294733967,27.818963431397215,0.18284592294733967,1
34567,resnet_cnn,83,0.029820425925354888,0.18715216623801917,28.44087718955679,0.18715216623801917,0
34567,resnet_cnn,84,0.029289763022005703,0.1816120756318844,27.76537256847989,0.1816120756318844,1
34567,resnet_cnn,85,0.029548968113686916,0.18916756264098605,28.345624043422188,0.18916756264098605,0
34567,resnet_cnn,86,0.029364874436907523,0.18476133045336718,28.687569843609054,0.18476133045336718,0
34567,resnet_cnn,87,0.029757445202256642,0.1900100772457008,27.755348570426744,0.1900100772457008,0
34567,resnet_cnn,88,0.030728724905246654,0.18553686462457122,27.902464320590266,0.18553686462457122,0
34567,resnet_cnn,89,0.029739522835162725,0.18290450507151884,27.693741276421218,0.18290450507151884,0
34567,resnet_cnn,90,0.029565366143655313,0.1852480671544293,28.208758986741476,0.1852480671544293,0
34567,resnet_cnn,91,0.029276097673750563,0.18124090328079756,27.895825440865277,0.18124090328079756,1
34567,resnet_cnn,92,0.029006618893095755,0.18162924878423647,27.52273072065324,0.18162924878423647,0
34567,resnet_cnn,93,0.02844815224481615,0.18250787531893747,27.7687748436576,0.18250787531893747,0
34567,resnet_cnn,94,0.02872084566548358,0.17956241628476935,27.441512972771495,0.17956241628476935,1
34567,resnet_cnn,95,0.028709083142941887,0.18179737408015184,27.54733607044653,0.18179737408015184,0
34567,resnet_cnn,96,0.028553937002110074,0.18500120722184482,28.024730946352317,0.18500120722184482,0
34567,resnet_cnn,97,0.028907501829874196,0.18186884875903128,28.003943535782234,0.18186884875903128,0
34567,resnet_cnn,98,0.02915905177629487,0.18472193916333557,27.927610369342073,0.18472193916333557,0
34567,resnet_cnn,99,0.028616393972958672,0.18735148588089656,28.072831344782404,0.18735148588089656,0
34567,resnet_cnn,100,0.028422900835854293,0.1866515399917478,27.920982118236935,0.1866515399917478,0
34567,fno,1,0.2827792619592952,0.29910658515188693,46.06480997014568,0.29910658515188693,1
34567,fno,2,0.0718330769480145,0.25565537200699784,39.76323565201889,0.25565537200699784,1
34567,fno,3,0.061745506387267377,0.24476007897950836,38.71749728141587,0.24476007897950836,1
34567,fno,4,0.056999118966922856,0.23634362579166446,37.5584763839002,0.23634362579166446,1
34567,fno,5,0.053038623718739714,0.22939062352863132,36.53201971604414,0.22939062352863132,1
34567,fno,6,0.049317705669324766,0.22107805562910432,35.53490932252939,0.22107805562910432,1
34567,fno,7,0.046834686512712144,0.21672409935138076,34.757887838053385,0.21672409935138076,1
34567,fno,8,0.044603468415184616,0.21057029834458968,33.89741517460578,0.21057029834458968,1
34567,fno,9,0.04229430594184683,0.20681846297117176,33.21819636609454,0.20681846297117176,1
34567,fno,10,0.04069759662278957,0.20690743047651308,32.96935678162584,0.20690743047651308,0
34567,fno,11,0.039509304982684824,0.19959339670513257,32.10955141058573,0.19959339670513257,1
34567,fno,12,0.03807141307351653,0.19796007210654107,31.47134523896789,0.19796007210654107,1
34567,fno,13,0.03693602834612929,0.1934638967241232,30.755097857809467,0.1934638967241232,1
34567,fno,14,0.03591213522166231,0.19345961190444633,30.80738164574734,0.19345961190444633,1
34567,fno,15,0.03493255692241836,0.18952969123956045,30.320372837545413,0.18952969123956045,1
34567,fno,16,0.0340623811902501,0.19085458682403394,29.90521502211525,0.19085458682403394,0
34567,fno,17,0.03358874454133557,0.18996943998082969,29.86825455291888,0.18996943998082969,0
34567,fno,18,0.0328479454492348,0.18701281971481923,29.265310471964586,0.18701281971481923,1
34567,fno,19,0.032279713047609425,0.18859450184042129,29.249972997885244,0.18859450184042129,0
34567,fno,20,0.03171431641219016,0.18614787940554575,29.095676505416378,0.18614787940554575,1
34567,fno,21,0.03143711596582348,0.18470633776633044,28.651143040484303,0.18470633776633044,1
34567,fno,22,0.030590170165048027,0.18570681292729463,28.792952317006275,0.18570681292729463,0
34567,fno,23,0.030161170778374602,0.184914624480917,28.624607345475,0.184914624480917,0
34567,fno,24,0.029764985665678978,0.18487155738753494,28.564121767841122,0.18487155738753494,0
34567,fno,25,0.029238306416466,0.1826294016548895,28.326042163705267,0.1826294016548895,1
34567,fno,26,0.02883738212269298,0.18626474323063869,28.610494100550586,0.18626474323063869,0
34567,fno,27,0.02827428087338334,0.18287975778251891,27.94693123096916,0.18287975778251891,0
34567,fno,28,0.02802205117931476,0.1832713724384441,27.900536446675343,0.1832713724384441,0
34567,fno,29,0.027935452999461017,0.18867771085281967,28.260668663792707,0.18867771085281967,0
34567,fno,30,0.02745538328631516,0.18152889320737628,27.685716611627846,0.18152889320737628,1
34567,fno,31,0.026915969277240354,0.18286484190656085,28.0155512493087,0.18286484190656085,0
34567,fno,32,0.02676290914942023,0.1823156995528772,27.480357983846375,0.1823156995528772,0
34567,fno,33,0.026661688402983975,0.1822565881632803,27.605286595520575,0.1822565881632803,0
34567,fno,34,0.02593710553127629,0.18342015617585283,27.74577616458182,0.18342015617585283,0
34567,fno,35,0.025782236330881895,0.18283339646848254,27.498651537386543,0.18283339646848254,0
34567,fno,36,0.02545593603267142,0.18249022268960288,27.436614186350088,0.18249022268960288,0
34567,fno,37,0.025224780745423624,0.18386469092387495,27.466561186459277,0.18386469092387495,0
34567,fno,38,0.025213492726068716,0.18128011991407528,27.134103802093097,0.18128011991407528,1
34567,fno,39,0.02488033202025867,0.1855203358593382,27.576706542652545,0.1855203358593382,0
34567,fno,40,0.02461884917641498,0.18716788374934307,27.816782219633705,0.18716788374934307,0
34567,fno,41,0.024563116418002875,0.1813050274612035,27.010491747118955,0.1813050274612035,0
34567,fno,42,0.023991310425157095,0.183304584714316,27.16888239819562,0.183304584714316,0
34567,fno,43,0.023833918713776443,0.1835833740111842,27.227095357804266,0.1835833740111842,0
34567,fno,44,0.0239452349244098,0.1830733661386605,27.160295555293224,0.1830733661386605,0
34567,fno,45,0.02374953194691317,0.17914816321568197,26.860837090407337,0.17914816321568197,1
34567,fno,46,0.023296458170796834,0.18073805802512047,26.85977863089779,0.18073805802512047,0
34567,fno,47,0.022920883181357616,0.18126483053085007,26.58193376728198,0.18126483053085007,0
34567,fno,48,0.022871106627358716,0.1812907743345497,26.890939740170417,0.1812907743345497,0
34567,fno,49,0.02267415463978792,0.18119189032219846,26.957298125295885,0.18119189032219846,0
34567,fno,50,0.022576531087141256,0.18257346585117606,26.846657091885533,0.18257346585117606,0
34567,fno,51,0.022090743320774278,0.18038002336175,26.78519479421746,0.18038002336175,0
34567,fno,52,0.022134830758265625,0.18073819834211038,26.962551746188144,0.18073819834211038,0
34567,fno,53,0.0220086259808201,0.18087794477440702,26.52243695862737,0.18087794477440702,0
34567,fno,54,0.0219496100316155,0.1780441773279418,26.54014836417071,0.1780441773279418,1
34567,fno,55,0.02184133144172584,0.18429784027497637,27.047137513591633,0.18429784027497637,0
34567,fno,56,0.021736712985810282,0.17881816903601921,26.562572081491446,0.17881816903601921,0
34567,fno,57,0.02132514317195926,0.17875843250785162,26.1533754004859,0.17875843250785162,0
34567,fno,58,0.021258627062260088,0.18134975729995234,26.5015240106576,0.18134975729995234,0
34567,fno,59,0.02117721512097947,0.1821535840724334,26.553292906083737,0.1821535840724334,0
34567,fno,60,0.0210239914384129,0.18141839139685417,26.45565496882821,0.18141839139685417,0
34567,fno,61,0.020879180138871762,0.17994867357085428,26.219879293417677,0.17994867357085428,0
34567,fno,62,0.02072490667448427,0.18019601621991174,26.253948679551602,0.18019601621991174,0
34567,fno,63,0.020731722802340695,0.18054450236663816,26.4193309838508,0.18054450236663816,0
34567,fno,64,0.020746536493990254,0.1798009291153285,26.119087164163624,0.1798009291153285,0
34567,fno,65,0.020368994870778274,0.17796312696122213,26.168216949093104,0.17796312696122213,1
34567,fno,66,0.0205965007807144,0.17952306984186267,26.36153535817147,0.17952306984186267,0
34567,fno,67,0.02005282082932564,0.18136872133311005,26.287850237214595,0.18136872133311005,0
34567,fno,68,0.02008846814125559,0.1778818157410934,25.91868355808467,0.1778818157410934,1
34567,fno,69,0.019816869597909223,0.1785847894925215,25.871157744350427,0.1785847894925215,0
34567,fno,70,0.01996153395468881,0.179748832878752,25.938107418821883,0.179748832878752,0
34567,fno,71,0.019883386441789695,0.181498884773486,26.072393486246742,0.181498884773486,0
34567,fno,72,0.01985932392161113,0.17927604552383816,25.727250160530264,0.17927604552383816,0
34567,fno,73,0.019929324084136026,0.17945719635142537,26.111379819695337,0.17945719635142537,0
34567,fno,74,0.019150391479369498,0.17989604467657333,26.042688942673237,0.17989604467657333,0
34567,fno,75,0.0191516997247318,0.17966562117187332,25.855696276477957,0.17966562117187332,0
34567,fno,76,0.019043886503816523,0.18052105428312834,25.865944963774105,0.18052105428312834,0
34567,fno,77,0.019165613396215614,0.1789978573496819,25.628780661276252,0.1789978573496819,0
34567,fno,78,0.019371127229356126,0.1793579684884017,25.637801420221127,0.1793579684884017,0
34567,fno,79,0.019046840919612243,0.18194369659730888,26.134178488031242,0.18194369659730888,0
34567,fno,80,0.01935009636129921,0.1791166044346989,25.95971096565217,0.1791166044346989,0
34567,fno,81,0.018897798225066088,0.1813776334435545,25.7964169057924,0.1813776334435545,0
34567,fno,82,0.01872685935728959,0.18473769901403325,26.31014401868792,0.18473769901403325,0
34567,fno,83,0.01859695319122569,0.18014177180735028,25.640565342412014,0.18014177180735028,0
34567,fno,84,0.018524053671970565,0.17955295842796737,25.415508457025453,0.17955295842796737,0
34567,fno,85,0.0187330910926934,0.181471664815822,25.741349225456574,0.181471664815822,0
34567,fno,86,0.01853284027672162,0.18247656937723666,25.95381034149893,0.18247656937723666,0
34567,fno,87,0.01858088339468206,0.18042504446381916,25.754150906881282,0.18042504446381916,0
34567,fno,88,0.01815839367408822,0.18302834162897208,25.90544680598615,0.18302834162897208,0
